From the Tournament-Database of Chess-Results http://chess-results.com;;;;;;;;;;;;;;;;;;
Moscow Open 2018_A ;;;;;;;;;;;;;;;;;;
Rk.;;Name;Rtg;FED;1.Rd;2.Rd;3.Rd;4.Rd;5.Rd;6.Rd;7.Rd;8.Rd;9.Rd;Pts. ;TB1;TB2;TB3;TB4
1;IM;Lomasov Semen ;2530;RUS;161w1;100b1; 22w½; 46b½; 42w1; 44b1; 18w1;  2b1;  6w1;8;50;46,5;0;44,25
2;GM;Nabaty Tamir ;2658;ISR;169b1; 48w1; 18b1; 42w1; 17b½; 43w1;  9b1;  1w0;  8w1;7,5;52,5;49;0;41,5
3;IM;Vavulin Maksim ;2575;RUS;102w1; 39b1;  6w1;  9b0; 11w½; 16b1; 15w1; 10b½; 19w1;7;55,5;51;0;42,5
4;FM;Afanasiev Nikita ;2364;RUS;166b1; 14w1; 92w½; 13b1; 23w½; 25b1; 19w1;  8b0; 21w1;7;51,5;47,5;0;40,25
5;GM;Timofeev Artyom ;2563;RUS;103b1; 69w½; 73w1; 22b½; 28w½; 58b½;128w1; 44b1; 18w1;7;46,5;42,5;0;35,5
6;FM;Samusenko Maksim ;2422;RUS;124b1; 64w1;  3b0; 66w1;127b1;  7w1; 14b½; 17w1;  1b0;6,5;52;48;0;33,75
7;GM;Mozharov Mikhail ;2539;RUS;109w1; 53b½; 58w1; 34b1;  9w½;  6b0; 54w1; 22b1; 11w½;6,5;52;47,5;0;36,25
8;IM;Zakhartsov Vladimir ;2472;RUS;114w1; 45b½; 65w1; 29b0;198w+; 76w1; 43b1;  4w1;  2b0;6,5;50,5;46;0;32
9;IM;Shukh Nikolai ;2435;RUS;208b1;135w1; 50b1;  3w1;  7b½; 17w1;  2w0; 21b0; 42w1;6,5;50;48;0;33,25
10;GM;Kokarev Dmitry ;2616;RUS; 97b½;105w1; 69b1; 12w½; 32b½; 59w1; 62b1;  3w½; 13b½;6,5;49,5;45;0;34,25
11;GM;Harutjunyan Gevorg ;2407;ARM;158w1; 95b1; 20w½; 57b½;  3b½;122w1; 36b1; 14w½;  7b½;6,5;49;45,5;0;33,5
12;FM;Fakhrutdinov Timur ;2417;RUS;167w1;201b1; 57w½; 10b½; 74w1; 23b½; 21w½; 20b½; 47w1;6,5;47,5;44;0;32,75
13;IM;Khegay Dmitriy ;2495;RUS;156b1; 26w½;214b1;  4w0; 49b½; 50w1; 60w1; 58b1; 10w½;6,5;47;43,5;0;31
14;GM;Matinian Nikita ;2491;RUS;131w1;  4b0;173w1;110b1; 60w1; 93b1;  6w½; 11b½; 17w½;6,5;47;43,5;0;30,5
15;IM;Sindarov Javokhir ;2429;UZB;155b1;142w1; 43b½; 94w1; 29b½; 24w½;  3b0; 96w1; 45b1;6,5;46;42,5;0;30,25
16;FM;Yeletsky Ivan ;2406;RUS;133b1;143w1; 17b0;122w½;115b1;  3w0; 97b1; 94w1; 43b1;6,5;44;40;0;29
17;GM;Savchenko Boris ;2566;RUS; 70w1;128b1; 16w1; 60b1;  2w½;  9b0; 52w1;  6b0; 14b½;6;52,5;48,5;0;32,5
18;FM;Gaifullin Artur ;2423;RUS;172w1;123b1;  2w0; 67b1; 63w1; 57b1;  1b0; 24w1;  5b0;6;52;48,5;0;29,5
19;;Drygalov Andrey ;2440;RUS;132b1; 24w½; 49b1; 62w½; 72b1; 29w1;  4b0; 32w1;  3b0;6;51,5;47,5;0;32
20;IM;Tsydypov Zhamsaran ;2523;RUS; 38b1; 84w1; 11b½; 76w1; 43b0; 34w½; 48b1; 12w½; 40b½;6;51,5;46,5;0;33,5
21;GM;Boruchovsky Avital ;2542;ISR;115b1; 81w½; 26b0;112w1; 65b1; 28w1; 12b½;  9w1;  4b0;6;51;46,5;0;32,25
22;IM;Vokhidov Shamsiddin ;2401;UZB;125b1;127w1;  1b½;  5w½; 27b½; 30w½; 59b1;  7w0; 64b1;6;50,5;47;0;30,5
23;IM;Bocharov Ivan ;2534;RUS; 96b½; 97w1; 81b1;108w1;  4b½; 12w½; 32b½; 34w½; 26b½;6;50,5;46,5;0;32,75
24;WGM;Mammadzada Gunay ;2333;AZE;148w1; 19b½; 44w½; 71b1; 31w1; 15b½; 57w½; 18b0; 77w1;6;49;45;0;31,75
25;GM;Ladva Ottomar ;2522;EST;134w1; 42b0; 38w1; 79b1; 46w1;  4w0; 26b½;110b1; 34w½;6;49;45;0;30,5
26;FM;Palachev Petr ;2370;RUS;216w1; 13b½; 21w1; 92b½; 30b½; 27w½; 25w½; 70b1; 23w½;6;47,5;46;0;30
27;GM;Levin Evgeny A. ;2545;RUS;147w1; 73b½; 53w1; 28b½; 22w½; 26b½; 58w0; 79b1; 88w1;6;47,5;43,5;0,5;31
28;FM;Kardashevskiy Evgeny ;2400;RUS;126w1; 47b½; 75w1; 27w½;  5b½; 21b0; 95w½;102b1; 61w1;6;47,5;43,5;0,5;30
29;FM;Bryakin Mikhail ;2349;RUS;157b½;190w1; 51b1;  8w1; 15w½; 19b0; 35w½; 92b1; 37w½;6;47;44;0;30
30;FM;Sorokin Aleksey ;2511;RUS;130w1; 65b½; 40w½; 89b1; 26w½; 22b½; 42w0; 93b1; 58w1;6;47;43;0;30
31;IM;Golubov Saveliy ;2484;RUS;154w1; 60b-;156b1; 50w1; 24b0; 49w1; 45b½; 42b½; 87w1;6;46;42,5;0;31,75
32;;Drygalov Sergey ;2412;RUS; 61w½;159b1; 86w½;113b1; 10w½;123b1; 23w½; 19b0; 63w1;6;46;42,5;0;29
33;IM;Kozionov Kirill ;2423;RUS; 41b1; 85w1; 72b½; 43w0;104b1; 62w0; 64b½; 66w1; 60b1;6;46;41,5;0;30,5
34;IM;Korchmar Vasiliy ;2399;RUS;162w1;184b½; 47w1;  7w0;124b1; 20b½; 93w1; 23b½; 25b½;6;45;42;0;28
35;IM;Khanin Semen ;2458;RUS;199b1; 43w0;132b1; 82w½; 94b1; 45w½; 29b½; 62w1; 38b½;6;44,5;41;0;28
36;IM;Lobanov Sergei ;2450;RUS;101w1; 79b½;198w1; 93b½;123w½; 96b1; 11w0; 63b½; 67w1;6;44,5;40,5;0;28,25
37;IM;Iljiushenok Ilia ;2512;RUS;173b1;111w1; 42b0; 72w½; 45b0;103w1;126w1; 75b1; 29b½;6;44;40,5;0;27,5
38;FM;Murzin Volodar ;2268;RUS; 20w0;153b1; 25b0;152w½;184b1;116w1;111b+; 68b1; 35w½;6;43;40;0;23,75
39;FM;Sanzhaev Darsen ;2397;RUS;118b1;  3w0;124b½; 98w½;137b½;112w1;122b1; 41w½; 59w1;6;43;39;0;26,75
40;FM;Nigmatov Ortik ;2361;UZB;190b½;129w1; 30b½;183w0;164b1;105w1; 92w½;101b1; 20w½;6;41,5;38,5;0;26,25
41;;Golikov Daniil ;2220;RUS; 33w0;165b½;202w1; 68b0;178w1;201b1; 56w1; 39b½; 91w1;6;41,5;38,5;0;25,75
42;FM;Schekachikhin Maksim ;2371;RUS;187b1; 25w1; 37w1;  2b0;  1b0; 99w1; 30b1; 31w½;  9b0;5,5;53,5;50,5;0;28,25
43;CM;Urazayev Arystanbek ;2346;KAZ;178w1; 35b1; 15w½; 33b1; 20w1;  2b0;  8w0; 52b1; 16w0;5,5;53,5;50;0;30,25
44;IM;Dvalishvili Pavel S. ;2413;RUS;122b½; 96w1; 24b½; 85w1;183b+;  1w0; 66b1;  5w0; 49b½;5,5;49,5;45,5;0;24,25
45;CM;Gukesh D ;2354;IND;192w1;  8w½;106b½;107b½; 37w1; 35b½; 31w½; 57b1; 15w0;5,5;48;45;0;27,75
46;IM;Kalashian David ;2397;ARM; 67w½; 99b1; 61w1;  1w½; 25b0; 47b½; 75w0;154b1; 95w1;5,5;47;43;0;26,75
47;FM;Davtyan Artur ;2308;ARM;151b1; 28w½; 34b0;129w½;171b1; 46w½; 80b1; 65w1; 12b0;5,5;45;41,5;0;24,75
48;FM;Murtazin Bulat ;2394;RUS; 78w1;  2b0;130w1;158b1; 57w0;139b1; 20w0; 95b½;104w1;5,5;44,5;41;0;23,75
49;FM;Skatchkov Valery ;2351;RUS;160w½;191b1; 19w0;140b1; 13w½; 31b0;159w1; 74b1; 44w½;5,5;43,5;40,5;0;23,5
50;IM;Tran Minh Thang ;2359;VIE;146w1;107b1;  9w0; 31b0;159w1; 13b0;172w½;160b1; 92w1;5,5;43,5;40;0;22,25
51;GM;Baghdasaryan Vahe ;2436;ARM;113w1; 93b½; 29w0;131b1; 95w½; 75b½; 63w0;134b1;111w1;5,5;42,5;38,5;0;24,5
52;GM;Ushenina Anna ;2423;UKR;186b1; 94w½; 62b0;199w1; 64b1; 82w1; 17b0; 43w0; 97b1;5,5;42;39;0;23,25
53;FM;Tekeyev Zaur ;2380;RUS;189b1;  7w½; 27b0;124w0;125b½;136w½;133b1;115w1; 96b1;5,5;39,5;36,5;0;22,5
54;;Beletsky Alexey ;2374;RUS;117b0;162w1;136b½; 99w½;155b1; 72w1;  7b0; 98b½;101w1;5,5;39,5;36;0;22,75
55;IM;Kukhmazov Arsen ;2404;RUS; 99w½; 61b0;193w1;114b½;154w½;134b½;109w½;172b1;110w1;5,5;37;34;0;21,5
56;;Sattarov Bobir ;2381;UZB;184b0;126w½;163b0;149b1;193w1;199w1; 41b0;103w1; 94b1;5,5;36;33;0;21,5
57;GM;Frolyanov Dmitry ;2567;RUS;218b1;119w1; 12b½; 11w½; 48b1; 18w0; 24b½; 45w0; 65b½;5;48,5;45,5;0;25
58;FM;Muradli Mahammad ;2376;AZE;129b½;170w1;  7b0;136w1;133b1;  5w½; 27b1; 13w0; 30b0;5;47,5;44;0;23
59;;Rakshitta Ravi ;1881;IND; 75w½; 87b1; 88w½;128b1; 83w1; 10b0; 22w0; 90b+; 39b0;5;47;43;0;21,25
60;FM;Malyshev Grigory ;2364;RUS;177b1; 31w+; 71w1; 17w0; 14b0;127w1; 13b0;126b1; 33w0;5;46;42,5;0;18,75
61;;Taalaibekov Tagir ;2205;KGZ; 32b½; 55w1; 46b0; 84w1; 73b½; 69w½;135b½;144w1; 28b0;5;46;42;0;24,5
62;;Li Hong ;2349;CHN;191w½;202b1; 52w1; 19b½; 92w½; 33b1; 10w0; 35b0; 83w½;5;45,5;42,5;0;23,75
63;;Lesovoi Evgenij ;2312;RUS;217w1; 68b½;200w½; 77b1; 18b0; 80w½; 51b1; 36w½; 32b0;5;44,5;43,5;0;22
64;FM;Sakulo Denis ;2323;RUS;149w1;  6b0;192w½;138b1; 52w0; 78b1; 33w½;128b1; 22w0;5;44,5;41,5;0;22
65;FM;Karpenko Artem ;2370;RUS;152b1; 30w½;  8b0;163w1; 21w0;113b1;130w1; 47b0; 57w½;5;44,5;41;0;21,5
66;FM;Sawlin Leonid ;2343;GER; 74w1; 71b0;167w1;  6b0;158w1; 83b1; 44w0; 33b0;141w1;5;43,5;40;0;21
67;;Korennoi Viktor ;2269;RUS; 46b½;183w½;215b1; 18w0;116b½; 77b½;185w1;100w1; 36b0;5;42,5;41;0;20,25
68;FM;Nozdrachev Leonid ;2410;RUS;136b1; 63w½; 94b0; 41w1;122b0;156w1;104b1; 38w0; 82b½;5;42,5;39;0;23,5
69;;Salemgareev Tagir ;2381;RUS;145w1;  5b½; 10w0;101b1;139w½; 61b½; 96w0;125b½;130w1;5;42,5;39;0;22,25
70;FM;Shubin Kirill ;2299;RUS; 17b0;168w1;157b½;117w1;108b0;133w1; 76b1; 26w0; 73b½;5;42,5;39;0;20,75
71;IM;Ivanov Oleg V ;2450;UKR;213b1; 66w1; 60b0; 24w0; 78w1; 95b½;123w½; 87b0; 98w1;5;42;39,5;0;21,75
72;WFM;Balajayeva Khanim ;2319;AZE;209w1; 83b1; 33w½; 37b½; 19w0; 54b0;160w½;151b½;128w1;5;42;39,5;0;21
73;FM;Geivondian Arman ;2380;RUS;174w1; 27w½;  5b0;188b1; 61w½;126b0;134w½;140b1; 70w½;5;42;39;0;21
74;;Shoboev Dandar ;1982;RUS; 66b0;208w1;103b1;100w1; 12b0;111w½;106b½; 49w0;135b1;5;41,5;39,5;0;19,75
75;FM;Avalyan Artur ;2319;RUS; 59b½;219w1; 28b0;184w1; 80b½; 51w½; 46b1; 37w0; 76b½;5;41;40,5;0;19
76;GM;Naumkin Igor ;2394;RUS;193w½;121b1;184w1; 20b0;109w1;  8b0; 70w0;167b1; 75w½;5;40,5;37,5;0;19,5
77;IM;Yuferov Sergey N ;2412;RUS; 98b½;122w½;186b1; 63w0;103b½; 67w½;132b1;135w1; 24b0;5;40;37;0;20
78;;Ivanov Platon-Jaan ;2169;EST; 48b0;104w½;169b1;214w1; 71b0; 64w0; 84b½;155w1;144b1;5;40;36,5;0;19,5
79;;Saydaliev Saidakbar ;2349;UZB;212b1; 36w½;185b½; 25w0; 98b½;186w½; 99b1; 27w0;147b1;5;39,5;37,5;0;18,75
80;IM;Faizrakhmanov Ramil ;2423;RUS;203w1; 86b½;110w½; 95b½; 75w½; 63b½; 47w0;130b½;131w1;5;39,5;37;0;20,25
81;IM;Saiyn Zhanat ;2377;KAZ;180w1; 21b½; 23w0;159b½;113w½;131b½;154w½;138b½;125w1;5;39,5;36;0;20,25
82;FM;Sirosh Ilja ;2348;EST;202w½;160b½;203w1; 35b½;107w1; 52b0;101w0;148b1; 68w½;5;38,5;36;0;19,75
83;FM;Zakaryan David ;2420;RUS;164b1; 72w0;155b1;142w1; 59b0; 66w0;137b½;122w1; 62b½;5;38,5;35;0;19,5
84;;Saveliev Alexei ;2373;RUS;205w1; 20b0;114w½; 61b0;176w1;101b0; 78w½;162b1;126w1;5;38;35,5;0;17,75
85;;Bykov Oleg ;2327;RUS;179w1; 33b0;176w1; 44b0;162w1;128b0;143w1; 91b0;151w1;5;37,5;34,5;0;17,5
86;FM;Demianjuk Alexander ;2333;RUS;194b1; 80w½; 32b½;106w0;105b0;125w½;189b½;127w1;146b+;5;37;34,5;0;17,25
87;FM;Pogosyan Stefan ;2312;RUS;215b½; 59w0;170b0;187w1;118b1;124w½;127b1; 71w1; 31b0;5;36,5;35;0;19,25
88;FM;Assaubayeva Bibisara ;2381;RUS;170b½;163w1; 59b½;127w0;132b½;137w½;186b1;147w1; 27b0;5;36,5;33,5;0;18,5
89;IM;Guerrero Sierra Juan Carlos ;2343;COL;195b½;157w½;125b1; 30w0; 99b0;129w½;184b1;112w½;138w1;5;36;33;0;18,5
90;FM;Cherepanov Vladislav ;2355;RUS;105b0;206w1;133b0;125w½;163b1;132w½;124b1; 59w-;153w1;5;35,5;33;0;20,5
91;GM;Yagupov Igor ;2394;RUS;127b0;125w0;219b1;166w½;136b½;168w1;155b1; 85w1; 41b0;5;34;33,5;0;16,5
92;IM;Belyakov Bogdan ;2486;RUS;137b1;144w1;  4b½; 26w½; 62b½;108w½; 40b½; 29w0; 50b0;4,5;49;45;0;22,75
93;FM;Bykov Egor ;2346;RUS;171b1; 51w½;116b1; 36w½;106b1; 14w0; 34b0; 30w0;112b½;4,5;47;43,5;0;20,5
94;FM;Erdenepurev Boldoo ;2328;MGL;165w1; 52b½; 68w1; 15b0; 35w0;167b1;107w1; 16b0; 56w0;4,5;46,5;43;0;19,25
95;FM;Smirnov Timofey ;2324;RUS;204b1; 11w0;105b1; 80w½; 51b½; 71w½; 28b½; 48w½; 46b0;4,5;46;43,5;0;20,5
96;;Hakobyan Hovhannes H. ;2270;ARM; 23w½; 44b0;121w1;207b1;200w+; 36w0; 69b1; 15b0; 53w0;4,5;45,5;43;0;17,25
97;FM;Rodchenkov Vitaly ;2304;RUS; 10w½; 23b0;145w½;176b½;140w1;165b1; 16w0;107b1; 52w0;4,5;44;41;0;19,25
98;;Kavyev Ruslan ;2211;RUS; 77w½;200b0;165w1; 39b½; 79w½;102b½;142b1; 54w½; 71b0;4,5;43,5;40;0;20,5
99;;Ganerdene Sugar ;2196;MGL; 55b½; 46w0;220b+; 54b½; 89w1; 42b0; 79w0;119w½;169b1;4,5;43,5;40;0;18
100;;Mukhutdinov Tigran ;2376;RUS;153w1;  1w0;166b1; 74b0;120w½;154b½;131w1; 67b0;113w½;4,5;43;39;0;18,5
101;;Fitiak Sergey ;2247;RUS; 36b0;171w½;190b1; 69w0;175b1; 84w1; 82b1; 40w0; 54b0;4,5;42,5;39,5;0;18,25
102;FM;Uraev Ivan ;2304;RUS;  3b0;118w0;177b1;145w1;185b½; 98w½;105b1; 28w0;106b½;4,5;42,5;39;0;18,5
103;FM;Nazaretyan Tigran ;2285;RUS;  5w0;174b1; 74w0;205b1; 77w½; 37b0;145w1; 56b0;168w1;4,5;42;39,5;0;16
104;FM;Yeritsyan Aram ;2309;RUS;0; 78b½;181w1;141b1; 33w0;174b1; 68w0;114w1; 48b0;4,5;42;38,5;0;20,5
105;;Perov German ;2069;RUS; 90w1; 10b0; 95w0;173b1; 86w1; 40b0;102w0;164w½;156b1;4,5;42;38,5;0;18,75
106;IM;Shinkevich Vitaly ;2454;RUS;139w1;198b½; 45w½; 86b1; 93w0;110b0; 74w½;109b½;102w½;4,5;42;38;0;20,75
107;IM;Usmanov Vasily ;2472;RUS;112b1; 50w0;137b1; 45w½; 82b0;115w1; 94b0; 97w0;164b1;4,5;41,5;38;0;19,25
108;IM;Gorbatov Alexej ;2397;RUS;206w1;117b½;188w1; 23b0; 70w1; 92b½;110w½;0;0;4,5;41;38,5;0;22,75
109;FM;Konaplev Anton ;2276;RUS;  7b0;140w½;189b1;157w1; 76b0;185w½; 55b½;106w½;116b½;4,5;41;38;0;18
110;FM;Murtazin Ruslan ;2342;RUS;219b½;195w1; 80b½; 14w0;129b1;106w1;108b½; 25w0; 55b0;4,5;40,5;40;0;17
111;FM;Tsoi Dmitry ;2371;RUS;196w1; 37b0;139w½;126b½;172w1; 74b½; 38w-;137w1; 51b0;4,5;40,5;37,5;0;19,75
112;FM;Suleymanli Aydin ;2259;AZE;107w0;141b½;146w1; 21b0;192w1; 39b0;187w1; 89b½; 93w½;4,5;40,5;37,5;0;17,25
113;;Kesidis Odyseas ;2244;GRE; 51b0;194w1;144b1; 32w0; 81b½; 65w0;129b½;177w1;100b½;4,5;40;37,5;0;16,75
114;FM;Salman Pavel ;2258;RUS;  8b0;175w1; 84b½; 55w½;128w0;145b½;165w1;104b0;160w1;4,5;40;36,5;0;17,75
115;FM;Rozhkov Viacheslav ;2281;RUS; 21w0;180b1;207w½;192b1; 16w0;107b0;174w1; 53b0;181w1;4,5;38,5;36;0;14,75
116;FM;Savenkov Konstantin ;2426;RUS;188w½;120b1; 93w0;154b½; 67w½; 38b0;148w½;158b1;109w½;4,5;38,5;35,5;0;18,25
117;;Proleiko Julian ;2119;USA; 54w1;108w½;183b0; 70b0;134w0;151b0;209w1;193b1;154w+;4,5;38;35,5;0;15,5
118;WFM;Nurgali Nazerke ;2182;KAZ; 39w0;102b1;123w0;201b½; 87w0;141b½;191w½;194b1;161w1;4,5;37,5;35;0;16
119;IM;Mischuk Dmitry ;2382;UKR;181w1; 57b0;154w½;139b0;166w1;130b0;136w½; 99b½;167w1;4,5;36;32,5;0;17
120;;Skorodelov Semen ;2239;RUS;185b½;116w0;171b½;211w1;100b½;135w0;146b½;121w½;157b1;4,5;35,5;33;0;16,5
121;;Ter-Saakian Grigorii ;2080;RUS;214b½; 76w0; 96b0;169w½;150w1;147b0;188w1;120b½;172w1;4,5;35;32;0;16,25
122;;Barseghyan Armen Ar. ;2292;ARM; 44w½; 77b½;160w1; 16b½; 68w1; 11b0; 39w0; 83b0;143w½;4;46,5;43;0;18,75
123;FM;Babarykin Stanislav ;2328;RUS;168b1; 18w0;118b1;185w1; 36b½; 32w0; 71b½;0;0;4;45,5;42;0;22,75
124;FM;Kretov Evgenij ;2218;RUS;  6w0;179b1; 39w½; 53b1; 34w0; 87b½; 90w0;141b0;187w1;4;45;42;0;17,5
125;;Makoveev Ilya ;2196;RUS; 22w0; 91b1; 89w0; 90b½; 53w½; 86b½;201w+; 69w½; 81b0;4;45;41,5;0;17
126;;Manafov Vugar ;2193;AZE; 28b0; 56b½;182w1;111w½;142b1; 73w1; 37b0; 60w0; 84b0;4;44,5;41;0;17,75
127;FM;Cherenkov Andrey ;2177;RUS; 91w1; 22b0;201w1; 88b1;  6w0; 60b0; 87w0; 86b0;191w1;4;43,5;40,5;0;17
128;FM;Gubajdullin Alexei ;2389;RUS;176b1; 17w0;164b1; 59w0;114b1; 85w1;  5b0; 64w0; 72b0;4;43,5;40,5;0;16
129;;Chibukhchyan Erik ;2121;RUS; 58w½; 40b0;161w1; 47b½;110w0; 89b½;113w½;139b½;134w½;4;42;38,5;0;17,5
130;;Primbetov Kazbek ;2263;KAZ; 30b0;152w1; 48b0;175w½;157b1;119w1; 65b0; 80w½; 69b0;4;42;38,5;0;16,25
131;FM;Garayev Kanan ;2260;AZE; 14b0;138w½;187b1; 51w0;152b1; 81w½;100b0;189w1; 80b0;4;41;38;0;14,75
132;FM;Rozanov Pavel B. ;2245;RUS; 19w0;178b1; 35w0;216b1; 88w½; 90b½; 77w0;143b½;148w½;4;40,5;39;0;14,25
133;WFM;Chernyak Viktoria ;2196;RUS; 16w0;210b1; 90w1;200b½; 58w0; 70b0; 53w0;187b½;196w1;4;40,5;38,5;0;14,5
134;;Tugarin Anton ;2267;RUS; 25b0;187w½;138b0;202w1;117b1; 55w½; 73b½; 51w0;129b½;4;40,5;37,5;0;15,75
135;FM;Zubkov Vsevolod ;2333;RUS;197w1;  9b0;158w0;143b1;167w½;120b1; 61w½; 77b0; 74w0;4;40;37;0;15,75
136;;Guliev Gasan ;2202;RUS; 68w0;217b1; 54w½; 58b0; 91w½; 53b½;119b½;157w½;142b½;4;39;38;0;15
137;FM;Geshko Aleksey ;2260;RUS; 92w0;216b1;107w0;196b1; 39w½; 88b½; 83w½;111b0;140w½;4;39;37,5;0;14,75
138;;Navrodskiy Boris ;2101;RUS;0;131b½;134w1; 64w0;156b0;166b1;161w1; 81w½; 89b0;4;39;35,5;0;18,5
139;CM;Aleksanyan Hrant ;2251;ARM;106b0;212w1;111b½;119w1; 69b½; 48w0;144b0;129w½;152b½;4;38,5;36,5;0;15,5
140;;Makarian Rudik ;2138;RUS;0;109b½;150w1; 49w0; 97b0;215w1;156b1; 73w0;137b½;4;37,5;36;0;15,75
141;;Odegov Artem ;2091;RUS;144b0;112w½;218b1;104w0;199b0;118w½;150b1;124w1; 66b0;4;37,5;34,5;0;15,5
142;IM;Borisenko Viacheslav ;2330;UKR;210w1; 15b0;143w1; 83b0;126w0;162b1; 98w0;168b½;136w½;4;37;35;0;13,25
143;;Tsybikov Tumen ;2184;RUS;182w1; 16b0;142b0;135w0;211b1;169w1; 85b0;132w½;122b½;4;37;34,5;0;13,5
144;FM;Boiarintsev Vitaly ;2364;RUS;141w1; 92b0;113w0;162b0;196w1;158b1;139w1; 61b0; 78w0;4;37;34;0;14,5
145;;Ismagilov Damir ;2143;RUS; 69b0;218w½; 97b½;102b0;149w1;114w½;103b0;165w½;186b1;4;36,5;33,5;0;14,75
146;;Dudin Gleb ;2073;RUS; 50b0;199w½;112b0;218w½;161w½;193b1;120w½;159b1; 86w-;4;36;33;0;16,25
147;FM;Martynyuk Elizaveta ;2284;RUS; 27b0;176w0;175b0;212w1;190b1;121w1;171b1; 88b0; 79w0;4;35,5;33,5;0;13
148;CM;Vasilyev Alexey ;1968;RUS; 24b0;155w0;208b1;164w0;203w1;188b1;116b½; 82w0;132b½;4;34;32;0;11,75
149;;Pavlov Mark ;1900;RUS; 64b0;164w0;168b1; 56w0;145b0;196b1;205w½;170w1;155b½;4;34;31,5;0;13
150;FM;Kholopov Alexander A. ;2305;RUS;183b½;185w0;140b0;190w½;121b0;207b1;141w0;195w1;189b1;4;34;31,5;0;12,75
151;CM;Ochirbat Lkhagvajamts ;1828;MGL; 47w0;158b0;216w0;-1;189b½;117w1;199b1; 72w½; 85b0;4;33,5;32;0;12,75
152;;Nuristani Iman ;2104;RUS; 65w0;130b0;210w1; 38b½;131w0;161b0;203w1;176b1;139w½;4;33,5;31,5;0;12,25
153;;Vinogradov Vladimir ;2120;RUS;100b0; 38w0;204b0;217w1;215b½;194w½;210b1;186w1; 90b0;4;28;27;0;8
154;FM;Gurvich Vitaly ;2259;RUS; 31b0;177w1;119b½;116w½; 55b½;100w½; 81b½; 46w0;117b-;3,5;44;40,5;0;17,75
155;IM;Ageichenko Genadi A ;2238;RUS; 15w0;148b1; 83w0;160b1; 54w0;195b1; 91w0; 78b0;149w½;3,5;41,5;38,5;0;12,5
156;;Matyunin Maxim ;2261;RUS; 13w0;196b1; 31w0;174b½;138w1; 68b0;140w0;205b1;105w0;3,5;40,5;38;0;11,75
157;;Zaika Daniil ;2043;RUS; 29w½; 89b½; 70w½;109b0;130w0;181b1;169w½;136b½;120w0;3,5;40;36,5;0;15,25
158;;Kutsanyan Andranik ;2202;UKR; 11b0;151w1;135b1; 48w0; 66b0;144w0;179b1;116w0;171b½;3,5;40;36,5;0;12,75
159;;Dolsonov Ayusha ;2218;RUS;220b½; 32w0;195b1; 81w½; 50b0;204w1; 49b0;146w0;177b½;3,5;39,5;37;0;11,75
160;;Smaglov Konstantin ;2056;RUS; 49b½; 82w½;122b0;155w0;218b1;164w1; 72b½; 50w0;114b0;3,5;39,5;36,5;0;14,25
161;;Marzano Carlo ;2269;ITA;  1b0;189w½;129b0;191w½;146b½;152w1;138b0;171w1;118b0;3,5;39;36;0;12,75
162;WFM;Serikbay Assel ;2188;KAZ; 34b0; 54b0;197w1;144w1; 85b0;142w0;204b1; 84w0;179b½;3,5;38,5;36;0;11,25
163;;Kukelko Alexey ;2189;UKR;200w½; 88b0; 56w1; 65b0; 90w0;187b0;202w1;191b½;165b½;3,5;38,5;35,5;0;14,25
164;;Marinskii Yurii ;2218;RUS; 83w0;149b1;128w0;148b1; 40w0;160b0;192w1;105b½;107w0;3,5;38,5;35,5;0;13,25
165;;Gavrilin Roman ;1923;RUS; 94b0; 41w½; 98b0;181b1;182w1; 97w0;114b0;145b½;163w½;3,5;38,5;35;0;13,75
166;;Bogaudinov Rushan ;2207;RUS;  4w0;209b1;100w0; 91b½;119b0;138w0;216w1;174b1;0;3,5;37,5;36;0;12,25
167;WGM;Shaydullina Sandugach ;2211;RUS; 12b0;204w1; 66b0;215w1;135b½; 94w0;175b1; 76w0;119b0;3,5;37;35,5;0;9,5
168;;Yeritsyan Hayk ;2173;ARM;123w0; 70b0;149w0;197b1;179w1; 91b0;195w1;142w½;103b0;3,5;37;34;0;11,5
169;FM;Volovich Vasily ;2306;RUS;  2w0;181b½; 78w0;121b½;216w1;143b0;157b½;184w1; 99w0;3,5;36,5;35;0;10,25
170;;Lepaev Andrey ;2144;RUS; 88w½; 58b0; 87w1;198b0;201w0;192b½;194w½;149b0;209w1;3,5;36;33,5;0;12,75
171;CM;Samadov Read ;2007;AZE; 93w0;101b½;120w½;203b1; 47w0;173b1;147w0;161b0;158w½;3,5;36;33,5;0;12,25
172;;Pranizin Gennady ;2220;RUS; 18b0;207w0;212b1;204w1;111b0;210w1; 50b½; 55w0;121b0;3,5;35,5;33,5;0;9,25
173;;Tarasov Oleg ;2264;RUS; 37w0;205b1; 14b0;105w0;191b1;171w0;177b0;211w1;180b½;3,5;35,5;33;0;9,75
174;;Fedotov Alexey ;2139;RUS; 73b0;103w0;194b1;156w½;214b1;104w0;115b0;166w0;204b1;3,5;35;32,5;0;10,25
175;WFM;Varshini V ;2062;IND;198w0;114b0;147w1;130b½;101w0;176b1;167w0;181b0;203w1;3,5;34,5;32;0;11,5
176;;Poliakov Artem ;2153;RUS;128w0;147b1; 85b0; 97w½; 84b0;175w0;215b1;152w0;202w+;3,5;34;32,5;0;9
177;CM;Kirillov Dmitry ;2086;RUS; 60w0;154b0;102w0;210b0;197w1;182b1;173w1;113b0;159w½;3,5;33;31;0;11,75
178;;Efremov Vladislav ;1995;RUS; 43b0;132w0;213b1;186w½; 41b0;189w0;180b0;217w1;206w1;3,5;31;30;0;7,5
179;;Atakishiyev Elmar ;1914;AZE; 85b0;124w0;206b½;213w½;168b0;180b1;158w0;188b1;162w½;3,5;31;28,5;0;10,75
180;;Ufimtsev Egor ;2132;RUS; 81b0;115w0;211b0;209w1;204b0;179w0;178w1;192b1;173w½;3,5;30,5;28;0;10,75
181;;Zavialov Nikita A. ;2152;RUS;119b0;169w½;104b0;165w0;219b1;157w0;217b1;175w1;115b0;3,5;29,5;29;0;6,75
182;IM;Syrchikov Alexander ;2399;RUS;143b0;215w½;126b0;189w½;165b0;177w0;212b1;190w½;205b1;3,5;27;25,5;0;8,25
183;GM;Grachev Boris ;2653;RUS;150w½; 67b½;117w1; 40b1; 44w-;0;0;0;0;3;44;40;0;27
184;;Marchuk Rostislav ;2143;RUS; 56w1; 34w½; 76b0; 75b0; 38w0;202b1; 89w0;169b0;194w½;3;41;38,5;0;12,75
185;IM;Oganian Miran ;2430;RUS;120w½;150b1; 79w½;123b0;102w½;109b½; 67b0;0;0;3;41;37;0;17,5
186;;Mamatov Melis ;2225;KGZ; 52w0;197b1; 77w0;178b½;207w1; 79b½; 88w0;153b0;145w0;3;37,5;35;0;9,75
187;;Yangutov Aleksey ;2108;RUS; 42w0;134b½;131w0; 87b0;208b1;163w1;112b0;133w½;124b0;3;36,5;34,5;0;9,5
188;;Mestnikov Aital ;2233;RUS;116b½;220w1;108b0; 73w0;195b½;148w0;121b0;179w0;211b1;3;36,5;34;0;10,25
189;;Priyanka K ;2134;IND; 53w0;161b½;109w0;182b½;151w½;178b1; 86w½;131b0;150w0;3;36,5;33;0;11
190;;Mochalin Faddey ;2079;RUS; 40w½; 29b0;101w0;150b½;147w0;203b½;206w½;182b½;193w½;3;36;33,5;0;10,75
191;;Vetokhin Ilia ;2031;RUS; 62b½; 49w0;199b0;161b½;173w0;208w1;118b½;163w½;127b0;3;35;33;0;10,25
192;;Chumachenko Alexander ;2067;UKR; 45b0;213w1; 64b½;115w0;112b0;170w½;164b0;180w0;210b1;3;34,5;32,5;0;8,75
193;;Astafurov Arseniy ;2182;RUS; 76b½;214w0; 55b0;219w1; 56b0;146w0;207b1;117w0;190b½;3;34;33,5;0;7
194;WFM;Vrtiakova Anna ;1963;SVK; 86w0;113b0;174w0;208w½;213b+;153b½;170b½;118w0;184b½;3;32;30;0;7,5
195;;Khmelev Mikhail ;1983;RUS; 89w½;110b0;159w0;206b1;188w½;155w0;168b0;150b0;213w1;3;32;29,5;0;9
196;;Dzyga Artem ;2106;RUS;111b0;156w0;217b1;137w0;144b0;149w0;219b1;210w1;133b0;3;28;27,5;0;3,5
197;;Burhanov Vassily ;1934;RUS;135b0;186w0;162b0;168w0;177b0;209b0;208w1;212w1;216b1;3;25,5;24;0;5,5
198;FM;Tarasov Alexandr ;2353;RUS;175b1;106w½; 36b0;170w1;  8b-;0;0;0;0;2,5;40;36,5;0;20,5
199;WFM;Zherebtsova Alexandra ;2252;RUS; 35w0;146b½;191w1; 52b0;141w1; 56b0;151w0;0;0;2,5;39,5;36,5;0;13
200;IM;Efanov Nikolai ;2399;RUS;163b½; 98w1; 63b½;133w½; 96b-;0;0;0;0;2,5;39,5;36;0;22
201;FM;Shapiro David ;2328;RUS;207b1; 12w0;127b0;118w½;170b1; 41w0;125b-;0;0;2,5;39;36,5;0;14,25
202;;Lauda Alexandr ;2008;MDA; 82b½; 62w0; 41b0;134b0;206w1;184w0;163b0;215w1;176b-;2,5;34;32,5;0;8,25
203;FM;Pogorelskikh Sergey ;2221;RUS; 80b0;211w1; 82b0;171w0;148b0;190w½;152b0;207w1;175b0;2,5;33;30,5;0;6,5
204;;Ivanov Artem T. ;1903;RUS; 95w0;167b0;153w1;172b0;180w1;159b0;162w0;206b½;174w0;2,5;32;29,5;0;8,75
205;;Averyanov Grigori ;2114;RUS; 84b0;173w0;209b1;103w0;210b0;211w1;149b½;156w0;182w0;2,5;31;29;0;7
206;;Mrykhin Igor ;2183;RUS;108b0; 90b0;179w½;195w0;202b0;219w1;190b½;204w½;178b0;2,5;30;29,5;0;5
207;;Shoshin Kirill ;1919;RUS;201w0;172b1;115b½; 96w0;186b0;150w0;193w0;203b0;217b1;2,5;29,5;28,5;0;6,75
208;;Shuvalov Evgenij ;2241;RUS;  9w0; 74b0;148w0;194b½;187w0;191b0;197b0;-1;215w1;2,5;29,5;28,5;0;3,25
209;;Sokolov Ilia ;1878;RUS; 72b0;166w0;205w0;180b0;212b½;197w1;117b0;216w1;170b0;2,5;29;27,5;0;5,5
210;;Ahmadov Orkhan ;1375;AZE;142b0;133w0;152b0;177w1;205w1;172b0;153w0;196b0;192w0;2;31,5;29;0;6
211;WCM;Sibajeva Marija ;1931;LTU;0;203b0;180w1;120b0;143w0;205b0;213w1;173b0;188w0;2;31;28,5;0;8,5
212;;Khelemendik Roman ;2027;RUS; 79w0;139b0;172w0;147b0;209w½;213b½;182w0;197b0;219w1;2;28,5;28;0;3
213;FM;Vysotskiy Oleg ;2250;RUS; 71w0;192b0;178w0;179b½;194w-;212w½;211b0;219w1;195b0;2;26,5;26;0;5
214;IM;Karpov Vadim ;2361;RUS;121w½;193b1; 13w0; 78b0;174w0;0;0;0;0;1,5;35,5;33;0;11,75
215;;Buniatyan David ;1853;RUS; 87w½;182b½; 67w0;167b0;153w½;140b0;176w0;202b0;208b0;1,5;33,5;31,5;0;6,25
216;FM;Bujakevich Aleksandr ;2103;RUS; 26b0;137w0;151b1;132w0;169b0;217w½;166b0;209b0;197w0;1,5;31,5;30,5;0;4
217;;Kirushin Ivan ;1842;RUS; 63b0;136w0;196w0;153b0;-1;216b½;181w0;178b0;207w0;1,5;29;27,5;0;1,75
218;FM;Kovalev Egor ;2303;RUS; 57w0;145b½;141w0;146b½;160w0;0;0;0;0;1;32;30;0;9,75
219;WFM;Larina Marija ;1975;RUS;110w½; 75b0; 91w0;193b0;181w0;206b0;196w0;213b0;212b0;0,5;31;29;0;2,25
220;FM;Ofitserian Boris ;2420;RUS;159w½;188b0; 99w-;0;0;0;0;0;0;0,5;27,5;26;0;12,25
#;;;;;;;;;;;;;;;;;;
#You find all details to this tournament under  http://chess-results.com/tnr328740.aspx?lan=1;;;;;;;;;;;;;;;;;;
#Chess-Tournament-Results-Server: Chess-Results;;;;;;;;;;;;;;;;;;
